ID,Status,Priority,Phase,Title,Description,Files,Dependencies,Acceptance Criteria,Notes
A1,Done,High,Scaffold & serve,deno.json + version.ts,"Create desktop-app/deno.json with imports (zod npm:^3.25, std/path jsr:^1, drizzle-orm npm:^0.44, @libsql/client for the local SQLite file), the desktop block (name 'Command Centre', identifier com.commandcentre.app, icons ../design/app.ico, backend cef, output ../dist/CommandCentre) and the full task set (dev/build/clean/make-icon/build:grammar/build:learn/build:inputs/build:dir/build:msi/build:installer/test/release plus db:migrate running db/migrations/ against the app-data SQLite file). Create version.ts with APP_NAME + APP_VERSION.",desktop-app/deno.json; desktop-app/version.ts,,deno task dev starts without config errors; desktop block accepted by deno desktop; every task in plan §11 present plus db:migrate; drizzle-orm and @libsql/client resolve; db:migrate on a fresh dir creates command-centre.db with every table; build:dir/build:msi chain build:grammar+build:learn+build:inputs as prerequisites.,"Pin Deno 2.9.6. backend MUST be cef, never webview (blank window on Win11). --allow-net needed for hub/publish; --allow-run needed in test for shell spawning. Drizzle everywhere per stack.md: the desktop persists via drizzle over a local SQLite file (C1), website/API via drizzle-orm/d1 (H1/I1)."
A2,Done,High,Scaffold & serve,main.ts static server + window,"Implement main.ts: resolveWeb() probing cwd-relative then import.meta-relative static dirs; MIME map; serveStatic() with single URL-decode, rejection of any backslash and any '..' segment, extension whitelist; multi-page routing (index for /, the other five pages for /<name>.html and /<name>); setupWindow() adopting Deno.BrowserWindow with restored geometry and 300ms debounced persistence; registerBindings(win).",desktop-app/main.ts,A1,"Window opens; / serves index.html; each of the six pages serves with correct Content-Type; traversal paths (.., backslash, encoded variants) rejected 400/403; geometry restored across relaunch.",Port resolveWeb/serveStatic/setupWindow from C:/projects/compressy/desktop-app/main.ts. Never hardcode a port — Deno.serve uses DENO_SERVE_ADDRESS.
A3,Done,High,Scaffold & serve,static/index.html from design,"Create static/index.html from design/index.html: keep the full markup and UI semantics (command cards, variable panel, terminal block, tags, status), strip the demo <script> and DEFAULTS array, add the vendor/grammar/templates/app/alpine script tags in documented order, add the x-data component root.",desktop-app/static/index.html; design/index.html,A2,Page renders every design section; Alpine component mounts; no demo JS; no console errors on load.,"Demo script is preview-only; its UI semantics (selection, filters, footers, disabled states) are preserved, its fake data is not."
A4,Done,High,Scaffold & serve,static/styles.css from six designs,"Build static/styles.css: one :root token block copied verbatim from design/index.html:39-47, then per-page blocks ported from each design's inline <style>; keep the od-* layout primitives in an @layer od-layout exactly as declared; keep the 640px media queries and the prefers-reduced-motion guard.",desktop-app/static/styles.css; design/index.html; design/command.html; design/add.html; design/learn.html; design/hub.html; design/publish.html,A3,Token values identical to design/index.html :root; all six pages render with correct layout; od-* primitives resolve; responsive and reduced-motion rules intact.,"Five of six pages depend on the od-* primitives, so they must not be dropped in the trim."
A5,Done,High,Scaffold & serve,"Vendor Alpine, Mustache, icons","Download pinned Alpine 3.x and Mustache 4.2.0 into static/vendor/ (no CDN at runtime). Copy design/icons/{powershell,bash,ubuntu}.svg into static/icons/ so the shell picker can serve them from the embedded root.",desktop-app/static/vendor/alpine.min.js; desktop-app/static/vendor/mustache.min.js; desktop-app/static/icons/powershell.svg; desktop-app/static/icons/bash.svg; desktop-app/static/icons/ubuntu.svg,A4,Vendor files present at pinned versions and served with 200; all three shell icons resolve from /icons/ in the window.,"The app can only serve from its embedded root, so design/icons/ must be copied into static/icons/."
A6,Done,High,Scaffold & serve,Vendor the input layer,"Build enhanced-inputs (node enhanced-inputs/build.mjs), copy dist/index.js and dist/themes/default.css into static/vendor/, author the token-remap layer mapping --input-*/--primary onto the design's :root tokens, and vendor range-slider-element. Wire all of it into the build:inputs precondition of build:dir/build:msi via scripts/vendor-inputs.ts.",desktop-app/static/vendor/e-input.js; desktop-app/static/vendor/enhanced-inputs.css; desktop-app/static/vendor/range-slider.js; desktop-app/scripts/vendor-inputs.ts,A5,"An <e-input type=""text""> upgrades and is styled in a real window; <range-slider> is registered (type=range renders a live slider); a clean clone + deno task build:dir produces all static/vendor inputs without manual steps.","range-slider-element is declared by the library but NEVER imported in src/ — without vendoring it all 9 range tokens render inert. dist/ is gitignored, so this must be a build step, not a one-off copy."
A7,Done,High,Scaffold & serve,make-icon.ts + design/app.ico,"Author scripts/make-icon.ts emitting a PNG-in-ICO from a new design/icon.png, and generate design/app.ico. Required because --icon points at a file that does not exist today.",desktop-app/scripts/make-icon.ts; design/app.ico; design/icon.png,A1,design/app.ico exists and is a valid ICO; deno task build:dir succeeds (no missing-icon error); the icon shows on the built exe and installed shortcut.,CERTAIN blocker for build:dir and build:msi until this exists.
A9,Done,High,Scaffold & serve,static/command.html from design,"Create static/command.html from design/command.html: keep the raw template view, rendered preview with labelled chips, dl fields, metadata table with per-option tables and the export/publish affordances; strip the demo <script> and seed data; add the shared script tags in documented order and the x-data detail root.",desktop-app/static/command.html; design/command.html,A3,Page renders every design section with no demo JS; the detail component mounts for a known ?id= (behaviour in E3).,"Fix the design defect in the port: #missing is never unhidden — an unknown ?id= must render a real not-found state, never the showcase fallback."
A10,Done,High,Scaffold & serve,static/add.html from design,"Create static/add.html from design/add.html: keep the form fields (name, cmd, desc, cwd, preview, ask mode) plus a tag field (the design has none, but every command needs one); keep the CodeMirror mount with the textarea fallback; strip the demo <script>; add the shared script tags and the x-data author root.",desktop-app/static/add.html; design/add.html,A3,"Form, editor mount, preview pane and variable metadata editors render; no demo JS; the CodeMirror module slot is present (wired in E4).",Vendor the six CM6 packages locally — the design's esm.sh importmap breaks offline.
A11,Done,High,Scaffold & serve,static/learn.html from design,"Create static/learn.html from design/learn.html: keep the three modifier cards, the text+widget filters and the reference table skeleton; strip the 129 hand-maintained rows (regenerated from registry.ts by build:learn in E5); add the shared script tags and the x-data learn root.",desktop-app/static/learn.html; design/learn.html,A3,"Modifier cards and filters render; the tbody is populated by build output only, never hand-edited.",The design hand-maintains 129 rows — generation removes the drift risk.
A12,Done,High,Scaffold & serve,static/hub.html from design,"Create static/hub.html from design/hub.html: keep the search palette, package rail, sort, paging, recents, install/add buttons and keyboard hints; strip the HUB demo array and the cliState install simulation; add the shared script tags and the x-data hub root.",desktop-app/static/hub.html; design/hub.html,A3,All hub sections render with no demo data; the component mounts and fills from hubList() (behaviour in F3).,The 25%-per-tick install simulation is not ported — hubInstall() probes for real (F1).
A13,Done,High,Scaffold & serve,static/publish.html from design,"Create static/publish.html from design/publish.html: keep the command select, metadata-file loader, reviewer fields and the inline success panel with its three links; strip the demo <script>; add the shared script tags and the x-data publish root.",desktop-app/static/publish.html; design/publish.html,A3,Form and success panel render; submit path is wired in F4; success shows the panel without redirecting (matches the design).,"Keep the design's field renames: command→cmd, description→desc, workingDirectory→cwd."
A8,Done,High,Scaffold & serve,Phase A smoke gate,"Smoke test the scaffold: deno task dev, window opens, all six pages render, static assets and vendored inputs load, no console errors.",desktop-app/**,A2;A3;A4;A5;A6;A7;A9;A10;A11;A12;A13,Window opens via deno desktop --hmr; DevTools shows no errors; all six pages plus styles/app.js/vendor scripts return 200; an <e-input> upgrades and is themed.,"Phase gate. If the window is blank, confirm backend is cef before debugging elsewhere."
B1,Pending,High,Grammar,registry.ts — 135 tokens + aliases,"Transcribe the 135-row type registry into registry.ts as the single source of truth: TypeRow = [name, widget, label, defaultParams?] from design/index.html:182, plus the 7 aliases from design/add.html:164 and lookupType().",desktop-app/registry.ts,A1,"Test asserts exactly 135 names; widget histogram matches (text 53, select 30, file 13, number 12, range 9, checkbox 7, color 4, password 4, date 2, radio 1); 45 rows carry built-in defaults; all 7 aliases resolve to registered targets.",index.html's array form is authoritative (it carries labels + defaults). command.html's bare {name:widget} map adds nothing — do not port it as a second registry.
B2,Pending,High,Grammar,"grammar.ts — parse, render, example","Implement grammar.ts: parseToken (the §1.2 regex + per-widget param parsing), parseVarInstances (occurrence keying with occ/iid/total), parseVars (deduped by key), renderCmd (occurrence key → base key → meta.example → leave raw), exampleFor (one merged implementation), rangeSpec (with the =default strip fix) and ccAutoGenerate (add.html's ladder verbatim).",desktop-app/grammar.ts; desktop-app/registry.ts,B1,"The three grammar positions parse to distinct fields (dot-suffix sets auto, colon sets default/params); rangeSpec('18-28=23') === {min:18,max:28,step:1}; a repeated token yields iids 'input.dir' and 'input.dir#2' with total 2; unknown input.* names pass through verbatim.","Single biggest defect to fix: rangeSpec ignores declared bounds whenever params contain '=default', which is EVERY demo range token."
B3,Pending,High,Grammar,build-grammar.ts → static/grammar.js,"Author scripts/build-grammar.ts emitting static/grammar.js from the TS source (types stripped, exports kept) so the webview shares the exact parser, and add a staleness test asserting the emitted file's hash matches the source.",desktop-app/scripts/build-grammar.ts; desktop-app/static/grammar.js; desktop-app/tests/grammar_test.ts,B2,build:grammar regenerates the file; the staleness test fails when grammar.ts changes without regenerating; the browser sees identical parse results to Deno.,Generated artifact + hash guard is the only way to avoid grammar drift between the two runtimes.
B4,Pending,High,Grammar,grammar_test.ts,"Write tests/grammar_test.ts covering §1.2 exhaustively: each position alone and combined, every colon-default form per type, occurrence keying, alias resolution, unknown-token passthrough, rangeSpec, exampleFor across all 135 types, and the legacy ':autogenerate' read-tolerance.",desktop-app/tests/grammar_test.ts,B2;B3,"All tests green; explicitly asserts {{input.text:autogenerate}} resolves to the literal default 'autogenerate' (the tolerance must not hijack a real default), and that legacy stored ':autogenerate' tokens still parse.",Phase gate — everything downstream depends on this parser being correct.
C1,Pending,High,Library & persistence,types.ts + drizzle db (SQLite) + settings.ts,"Implement types.ts (Token, VarMeta, SavedCommand, AppSettings, bindings + run contracts, all zod schemas); db/schema.ts (drizzle sqlite-core tables: commands, command_values, shell_prefs, settings, hub_cache, hub_state, publish_queue, publish_status); db/db.ts (@libsql/client over <app-data>/command-centre.db with migrate-on-open from db/migrations/); and settings.ts (DEFAULT_SETTINGS + load/save + window geometry via the settings table). No JSON persistence — every table above is the store.",desktop-app/types.ts; desktop-app/db/schema.ts; desktop-app/db/db.ts; desktop-app/db/migrations/**; desktop-app/settings.ts; desktop-app/tests/settings_test.ts,A1,"settings_test.ts passes against an ephemeral SQLite file: defaults on fresh DB, roundtrip, partial merge; AppSettingsSchema rejects out-of-range values; migrate-on-open creates every table; a legacy corrupt commands.json falls back without throwing.","Drizzle everywhere: commands, values, shell prefs, hub cache/state and the publish outbox all live in SQLite. App-data root: LOCALAPPDATA then USERPROFILE then HOME then '.', under command-centre/. Mirrors Compressy's settings tolerance, not its JSON files."
C2,Pending,High,Library & persistence,seeds.ts — merged seed set,"Author seeds.ts exporting DEFAULT_COMMANDS: the 16 distinct design templates collapsed to 12 seeds by merging the four same-command pairs (ffmpeg, docker-run, git-log, npm-run), each with a single stable slug id from one id space, and port SHOWCASE's curated vars metadata (18 entries, 39 labels) onto seed-ffmpeg-stream.",desktop-app/seeds.ts; design/index.html; design/command.html,C1,12 seeds with unique ids; no id collision with user or hub-added commands; seed-ffmpeg-stream carries per-option labels; the app never needs a 'showcase' fallback.,"The two design files ship non-intersecting id spaces (n1..n7 vs c1..c9 + showcase), which is why every built-in card link lands on the fallback today."
C3,Pending,High,Library & persistence,"library.ts — CRUD, search, import/export","Implement library.ts over drizzle: list/get/save (upsert into commands, zod-parsed)/remove (also deletes that command's command_values and shell_prefs rows)/duplicate (fresh id + ' (copy)')/search (case-insensitive substring over name+cmd+desc+cwd)/importJson (accepts a SavedCommand or a §1.4 metadata document)/exportJson (emits the §1.4 document byte-compatibly). Seed from seeds.ts when the commands table is empty. Values live in command_values keyed commandId → iid, never inside the command row.",desktop-app/library.ts; desktop-app/tests/library_test.ts,C2,library_test.ts green against an ephemeral SQLite file: create → export → import → deep-equal; duplicate yields a fresh id; delete clears values; search matches the design's substring semantics; an exported file is accepted by design/publish.html's loader.,"The metadata document field names are a hard contract: command/description/workingDirectory, not cmd/desc/cwd."
C4,Pending,High,Library & persistence,widgetToEInput mapping + format lookup,"Add widgetToEInput(token) to registry.ts: the fixed table mapping the 10 grammar widgets onto <e-input type> values, plus the format lookup for the 53 text tokens (email/url/uuid/cuid/cuid2/ulid/iso-date/iso-datetime/emoji/base64/hex/jwt/nanoid/ipv4/ipv6) and the file→text+action-button='browse' rule for the 13 file tokens.",desktop-app/registry.ts; desktop-app/tests/inputs_test.ts,C1;B1,Every one of the 135 tokens resolves to a real <e-input type> with no accidental default fallthrough; the three text-family collapses and the 13 file tokens are asserted explicitly.,"The library's type attribute accepts 16 values, NOT 135 — the registry and the element type are different axes."
C5,Pending,High,Library & persistence,"renderToken(token, value) element builder","Implement renderToken(): build the <e-input> element for a Token — set type via widgetToEInput, name from token.iid (occurrence-keyed), value, label/placeholder/description from author metadata, min/max/step from rangeSpec for range and number, and append the correct option children (e-select-option / e-combobox-option / e-radio-option / e-checkbox-option) carrying labels and descriptions.",desktop-app/render.ts; desktop-app/static/grammar.js,C4,A select/radio token yields one option child per entry with author labels attached; a repeated token produces two elements named 'input.dir' and 'input.dir#2'; a checkbox with =off default starts unchecked; no element is created without a type.,"Options are child custom elements, never a JSON attribute — _collectOptions() reads slotted children and hides them."
C6,Pending,High,Library & persistence,bindings.ts — the full API surface,"Implement bindings.ts registering every handler in the §7.4 contract (app, library, values, shells, execution, filesystem, hub, publish, settings), zod-validating every argument, and wire it into main.ts.",desktop-app/bindings.ts; desktop-app/main.ts,C3,"Every Phase C binding callable from the webview; invalid args reject with a zod error surfaced as {name,message,stack}; pickFile/pickFolder open the native dialog; file/folder widgets receive absolute paths.","Bindings are the API — no HTTP routes for data. Execution bindings (run/getRunProgress/cancelRun) are registered when runner.ts lands (D2), since they need the shell registry."
D1,Pending,High,Runner,shell.ts — registry + probe,"Implement shell.ts: the SHELLS registry (powershell / bash / ubuntu with label, icon, binary and argv builder), binary resolution, and an installed-shell probe whose result feeds getPlatform().shells.",desktop-app/shell.ts,A1,PowerShell is detected on this machine; bash/ubuntu report absent when WSL is missing; the UI never offers a shell that is not present.,Pass the resolved line to the shell's own -Command/-lc flag so it parses exactly once. Never build an argv array from a split string.
D2,Pending,High,Runner,runner.ts — real execution,desktop-app/runner.ts; desktop-app/bindings.ts,desktop-app/runner.ts,D1,"Running a real command per shell yields correct stdout, stderr, exit code and cwd; cancelling ping -t leaves no surviving process; a line with an unresolved {{token}} is refused with a visible message; run/getRunProgress/cancelRun are registered on the window and callable from the webview.","Deno.Command has no windowsHide in 2.9.x — use node:child_process. Registers the execution bindings that Phase C deliberately left out. Not a PTY, so interactive prompts block; surface stderr and hint at it."
D3,Pending,High,Runner,runner_test.ts,"Write tests/runner_test.ts exercising echo, pwd/cwd correctness, a non-zero exit code, stderr capture, and the cancellation path against real powershell.exe and, when present, bash.exe.",desktop-app/tests/runner_test.ts,D2,All tests green; cancellation asserts the process tree is gone; tests skip cleanly rather than fail when bash is unavailable.,Requires --allow-run in the test task or these fail NotCapable. Phase gate.
E1,Pending,High,Frontend: run & author,templates.js — list templates,"Author templates.js: the command card (shell button, name/desc, resolved cmdline, tags, run/status controls), the terminal block, detail rows, hub card, and publish record — compiled once at load, values precomputed by app.js.",desktop-app/static/templates.js,C6,Each template renders from its documented context shape; names and command text are escaped; no helper logic beyond precomputed fields.,Mirrors Compressy's templates.js pattern (XSS-safety through explicit precomputation).
E2,Pending,High,Frontend: run & author,app.js — commands component,"Implement the Alpine commands component: list render, search (name+cmd+desc+cwd only, matching the design), tag filter, sort, list/grid toggle, shell cycle with per-command persistence, variable panel build/collect/validate, run with streaming output, cancel, and terminal copy/clear/hide.",desktop-app/static/app.js; desktop-app/static/index.html,E1;C5;C6;D2;A3,End-to-end in the window: browse → open variables → fill → run; output streams into the terminal; the shell picker cycles only installed shells; validation blocks run with the design's exact message; cancel works mid-run.,The design's 260ms setTimeout transcript replay is not ported — output is real.
E3,Pending,Medium,Frontend: run & author,app.js — detail component,"Implement the detail component: badges (tag, origin, published), raw template view, rendered preview with labelled chips, the dl fields (cwd, ask mode, id, source, published), the metadata table with per-option tables, and metadata .json export.",desktop-app/static/app.js; desktop-app/static/command.html,E1;C6;A9,Unknown ?id= shows a real 'command not found' state (the design's #missing is unreachable); export writes command-<id>.metadata.json; the metadata table lists every input with its label and options.,The design never unhides #missing — unimplemented ids silently render the showcase. Fix that here.
E4,Pending,High,Frontend: run & author,app.js — author component,"Implement the author component: CodeMirror 6 mount with the textarea fallback, live preview, variable metadata editors (label/description/per-option), the ↻ Regenerate control, save/edit/duplicate, plus the cwd and file pickers wired to bindings.pickFile/pickFolder for file-widget action-button='browse'.",desktop-app/static/app.js; desktop-app/static/add.html; desktop-app/static/vendor/codemirror/**,E2;E3;C5;A10,CodeMirror loads from vendor (no CDN) and falls back to the textarea on failure; token highlighting distinguishes known from unknown tokens; type and option completion work; save→reopen restores author metadata; a file token fills an absolute path.,Vendor the six CM6 packages locally — the design's esm.sh importmap would break offline.
E5,Pending,Medium,Frontend: run & author,app.js — learn component,"Implement the learn component: generate the reference rows from registry.ts at build time (or render client-side) so the page cannot drift from the 135-row table, keeping the three modifier cards and the text+widget filters.",desktop-app/static/learn.html; desktop-app/scripts/build-learn.ts; desktop-app/static/app.js,B1;A11,Every registry name appears exactly once; the three modifier cards match the three grammar positions; filters hide rows and their empty group headers correctly.,The design hand-maintains 129 rows — generating them removes the drift risk.
E6,Pending,Medium,Frontend: run & author,Status bar + version/platform,"Add the status bar showing real version, platform and installed shells via getVersion()/getPlatform(), replacing the design's placeholder strings.",desktop-app/static/app.js; desktop-app/static/index.html,E2;C6,Badge shows the real version and OS; the shell list reflects what was actually probed.,
E7,Pending,High,Frontend: run & author,Event wiring for the input layer,"Wire the input layer's events: delegate e:input/e:change/e:validate at the component root (they bubble and compose), attach hook:* listeners per element after insertion (they do not bubble or compose), and gate the Run button on e:validate.",desktop-app/static/app.js,E2;C5,Changing a field then blurring fires e:input + e:change + e:validate on the root; hook:onValidate fires only on the element; the Run button disables on an invalid field and re-enables when valid.,"Exactly one validator owns each rule: the library handles presentation constraints, runner.ts remains the execution gate."
E8,Pending,High,Frontend: run & author,inputs_test.ts + rendering verification,"Write tests/inputs_test.ts asserting renderToken produces the correct tag/type/attributes for every widget family, that option children carry author labels, that iid becomes name, and that repeated tokens yield distinct names. Then verify visually in a real window.",desktop-app/tests/inputs_test.ts,C5;E7,"Tests green; in the window each widget family renders a themed, upgraded element with no unstyled/unknown tags; type=range is live (proving range-slider registered).",Phase gate. Covers the library having zero tests of its own.
F1,Pending,High,Hub & publish,hub.ts — community data,"Implement hub.ts over drizzle: hubList with cache-first reads from the hub_cache table (15-minute TTL) and the §8.6 search semantics ported verbatim from hub.html (package: gate, weighted term ladder, longest-term highlight, server paging), hubPackages rail counts, hubInstall as a real where/--version probe, hubAdd copying a hub command into the local library with fromHub provenance, hubRecents via hub_state, and sort persistence.",desktop-app/hub.ts,C3;C6,Search replays hub.html's scoreRow vectors exactly; counts feed the rail; install state matches reality on machines with and without the CLI; adding the same hub id twice is a no-op; the Hub renders from the hub_cache table when the API is unreachable.,The design's install is a 25%-per-tick simulation — replace it with a real probe and drop '(simulated)'.
F2,Pending,High,Hub & publish,"publish.ts — export, outbox, submit","Implement publish.ts over drizzle: publishExport emitting the §1.4 document, publishSubmit validating (command present, name ≥2, email regex) then inserting into the publish_queue table and POSTing to the API with retry, publishQueue reading the outbox table, and publish-status persistence in publish_status so the published badge is real.",desktop-app/publish.ts,C3,"A submission lands in the publish_queue table, appears via publishQueue(), POSTs successfully, and flips to pending-review; with the API down it stays queued and reports 'queued — will retry'; retries run on app start and hubRefresh.",The design writes cc-publish-queue and never reads it back; the published badge can never light up because setPub is never called.
F3,Pending,Medium,Hub & publish,app.js — hub component,"Implement the hub component: search palette, package rail with counts, sort, paging, keyboard nav (/ to focus, Escape to clear, arrows to move, Enter to add), suggest chips, recents, and the install/add buttons with their status states.",desktop-app/static/app.js; desktop-app/static/hub.html,F1;E1;A12,Keyboard behaviour matches the design exactly; the rail and the package: token stay in sync; install and add update their labels and disabled states; recents cap at 5.,
F4,Pending,Medium,Hub & publish,app.js — publish component,"Implement the publish component: command select, metadata-file loader with the design's acceptance rule (kind === 'command-metadata' or a truthy command) and field rename mapping, validation with per-field errors, and the inline success panel with its three links.",desktop-app/static/app.js; desktop-app/static/publish.html,F2;E1;A13,A valid metadata file locks the select and fills the summary; an invalid file is rejected with the design's message; a successful submit shows the panel without redirecting.,"Keep the design's field renames: command→cmd, description→desc, workingDirectory→cwd."
F5,Pending,Medium,Hub & publish,API base + offline degradation,"Wire settings.hubApiBase into every hub/publish call (empty means the bundled endpoint; http://localhost:8787 during development) and implement the offline path: hub served from cache with a banner, publish queued and retried.",desktop-app/static/app.js; desktop-app/hub.ts; desktop-app/publish.ts,F3;F4,With the API unreachable the Hub still lists cached commands and search works; a publish attempt queues and reports accordingly; pointing hubApiBase at the real API makes both live.,
G1,Pending,Medium,Polish & packaging,Error states and empty states,"Implement the error surfaces: the command-not-found page, per-command run failures with stderr visible, install failures, offline banners, and empty states for list/hub/search.",desktop-app/static/app.js; desktop-app/static/templates.js,E2;F3,Every failure path shows an actionable message rather than a blank pane; a failed run keeps the terminal open with stderr and the exit code.,
G2,Pending,Medium,Polish & packaging,Close guards,Guard window close while a run is active (preventDefault + native Deno-side confirm) and while an authoring form has unsaved changes.,desktop-app/main.ts; desktop-app/static/app.js,D2;E4,Closing mid-run prompts and keeps the app alive on cancel; closing a dirty author form prompts before discarding.,The design has no close guard at all.
G3,Pending,High,Polish & packaging,Full smoke pass + build,"Run the §15 verification table end to end, then deno task build producing dist/CommandCentre/ and dist/CommandCentre-msi/CommandCentre.msi, and confirm the compiled binary works standalone.",desktop-app/**,A8;B4;C3;D3;E8;F5,All §15 checks green; the compiled app launches and runs a command with the input layer rendering correctly; the MSI installs and launches.,Phase gate. Verify the input layer inside the compiled binary specifically — vendored assets must survive embedding.
G4,Pending,High,Polish & packaging,Installer (Inno Setup),"Author scripts/installer.iss and scripts/build-installer.ps1 (extract payload, embed the icon, resolve the version from version.ts) and produce dist/CommandCentre-setup.exe.",desktop-app/scripts/installer.iss; desktop-app/scripts/build-installer.ps1,G3;A7,deno task build:installer produces CommandCentre-setup.exe; installing and launching from the Start menu works.,Port scripts/build-installer.ps1 from Compressy (version.ts wins over deno.json).
G5,Pending,Medium,Polish & packaging,release.ts → assets + releases.json,Implement scripts/release.ts: upload the built artifacts with a SHA-256 digest and prepend a release entry to both releases.json mirrors consumed by the website's /download route.,desktop-app/scripts/release.ts,G4,Running release publishes the assets and updates both releases.json files; the website's /download resolves to the new installer.,Does not build — uploads what build produced. S3 creds come from .env.
G6,Pending,Medium,Polish & packaging,Seed known-bugs.csv,"Populate plan/known-bugs.csv from the integration findings: the library's event-prefix split, the missing combobox dropdown ARIA, the undeclared wc-datepicker dependency, the unstyled shadow mode, the readme's incorrect .e-* class contract, and the CEF/webview Windows issue — each with severity, evidence and a pointer to the upstream audit sheet.",plan/known-bugs.csv,G1,Every open integration risk from plan §16 is represented with a reproducible description; the file parses as CSV with the documented columns.,Header format must match the other plan CSVs in this repo.
H1,Pending,High,Website,Website scaffold,"Scaffold website/: package.json (hono, linkedom, mustache, drizzle-orm; wrangler, drizzle-kit, @cloudflare/workers-types, @types/bun), wrangler.jsonc (name command-centre-site, KV CACHE binding, D1 database binding, assets directory ./public with html_handling none and run_worker_first, Text rule src/**/*.html with fallthrough true), drizzle.config.ts (SQLite/D1 dialect), bunfig.toml preload, tsconfig.json, bun install. Vendor htmx into public/vendor/ (no CDN at runtime).",website/package.json; website/wrangler.jsonc; website/drizzle.config.ts; website/bunfig.toml; website/tsconfig.json; website/bun.lock; website/public/vendor/htmx.min.js,G3,bunx wrangler dev boots; assets serve from the free path; /healthz responds; src/**/*.html imports resolve as text under both Bun and workerd; drizzle-orm/d1 imports resolve against the local D1; htmx served locally with 200.,"Desktop-app phases A–G complete first — the website renders the corpus the desktop publishes. Copy from C:/projects/compressy/website verbatim, renaming name + KV id and adding the D1 binding + drizzle. Text rule needs fallthrough:true or deploy fails. htmx is newly mandated by stack.md."
H2,Pending,High,Website,Website config + manifest,"Author src/site.config.json and the typed src/config.ts export (url, brand, version, data list, downloads, nav, seo) plus src/manifest.ts SLUGS driving sitemap.xml, robots.txt and the sync test.",website/src/site.config.json; website/src/config.ts; website/src/manifest.ts,H1,Config parses and types import cleanly; SLUGS matches public/*.html exactly (excluding 404); sitemap and robots derive from it.,SLUGS is the single page list — adding a page means editing both it and public/.
H3,Pending,High,Website,Website element system,"Port the element system: registry.ts (REGISTRY_VERSION, createRegistry, ElementApi), expander.ts (depth-first innermost-first expansion via linkedom, SeoCollector), and index.ts (PROD_DEFS + PARTIALS) with the base and e-{type}--{variant}.html dispatchers.",website/src/elements/registry.ts; website/src/elements/expander.ts; website/src/elements/index.ts; website/src/elements/README.md; website/src/elements/e-*.html,H2,A fixture page with nested e-* expands fully with zero unexpanded tags; unknown e-* are left untouched as a visible signal; variant fallback works for unknown variants.,Depth-first so slotted children resolve before parents render.
H4,Pending,High,Website,Website layout + meta + JSON-LD,"Port src/layouts/base.html (head/meta/OG/Twitter/canonical, nav with active flags, footer, JSON-LD injection) plus src/meta.ts resolveMeta and src/jsonld.ts buildJsonLd.",website/src/layouts/base.html; website/src/meta.ts; website/src/jsonld.ts,H3,Expanded output contains no &#x2F; escaping regression; canonical URL and OG tags are correct per page; FAQ/HowTo JSON-LD is emitted when those elements are used.,The no-&#x2F; assertion is a real regression guard found in Compressy.
H5,Pending,High,Website,Website pages + assets,"Author the public/ pages (hub browse, per-command, per-package, home, downloads, 404) as classless e-* markup, plus public/css/site.css from the design tokens, public/js/app.js (single Alpine entry + delegated handlers), HTMX-driven hub search/sort/paging via hx-get partials with Alpine owning residual client state, and public/data/*.json.",website/public/**; website/public/css/site.css; website/public/js/app.js,H4,"Every page validates as classless (no class= or style=); tokens match the design :root; /hub, /commands/{slug} and /packages/{cli} render expanded HTML; hub search/sort/paging swap via HTMX partials with server-rendered fallback; sitemap.xml and sitemap.html stay in sync.",Classless is enforced by a test over every page in the manifest.
H6,Pending,Medium,Website,e-code element,Add the e-code element (the one shape this site needs that Compressy lacks): a copyable command block with file/lang/copy attributes and a delegated copy handler.,website/src/elements/e-code.html; website/src/elements/index.ts; website/public/css/site.css; website/test/elements.test.ts,H3,The element renders a mono block with an optional copy button; unknown variants fall back; a fixture test covers it; REGISTRY_VERSION bumped.,Follow the documented 5-step new-element checklist.
H7,Pending,High,Website,Website tests,"Port and extend the test suite: routes (expansion, KV cache behaviour, per-page invalidation, 404s, *.html redirects), elements fixtures, manifest↔public sync, the classless guard, and the text-preload plugin.",website/test/routes.test.ts; website/test/elements.test.ts; website/test/expand.test.ts; website/test/text-preload.ts; website/test/expansion.smoke.test.ts,H5;H6,bun test green; the manifest sync test fails when SLUGS and public/ diverge; the classless test fails on any class= or style= in a published page.,Phase gate for the website.
H8,Pending,Medium,Website,Website hub corpus from D1 via drizzle,"Read the hub corpus through drizzle-orm/d1 against the D1 binding, using the same table definitions as api/src/db/schema.ts, with fallback to public/data/commands.json when D1 is empty or unreachable; keep the KV page cache in front of both sources.",website/src/db/schema.ts; website/src/db/client.ts; website/worker/app.ts,H5,"/hub, /commands/{slug} and /packages/{cli} render identically from D1 and from the JSON fallback; the KV cache still fronts both; an empty D1 degrades to the JSON mirror, never a 500.",Table definitions must match api/src/db/schema.ts exactly; the JSON mirror remains the canonical export (I1/I2) and the offline fallback.
I1,Pending,High,API,API scaffold,"Scaffold api/: package.json (hono, drizzle-orm; wrangler, drizzle-kit, @cloudflare/workers-types, @types/bun), wrangler.jsonc with the D1 binding, drizzle.config.ts (SQLite/D1 dialect), tsconfig, Hono app with /healthz and the error/header middleware, and the export-commands.json endpoint that feeds the website's static corpus.",api/package.json; api/wrangler.jsonc; api/tsconfig.json; api/worker/index.ts,G3,wrangler dev boots; /healthz returns ok; the app runs against a local D1 in dev; drizzle-kit commands run against the local D1.,"Desktop-app phases A–G complete first. Drizzle everywhere: every D1 access goes through drizzle-orm/d1 — no raw D1 prepared statements in routes. Same stack as the website, separate deployable because the desktop app reaches it without a browser and it writes to D1."
I2,Pending,High,API,Drizzle schema + migrations,"Define api/src/db/schema.ts with drizzle sqlite-core tables (packages, hub_commands, hub_command_installs, hub_command_adds, hub_recents, submissions) plus the cli/adds/status indexes, and generate versioned migrations with drizzle-kit (SQLite/D1 dialect) under api/drizzle/.",api/src/db/schema.ts; api/drizzle/**; api/drizzle.config.ts,I1,drizzle-kit migrate applies cleanly to a fresh local D1; the indexes exist; a seeded row round-trips through the API via drizzle queries.,
I3,Pending,High,API,Hub read/write routes,"Implement the hub routes with drizzle queries (eq/and/or/like, count, orderBy, limit/offset): GET /hub/commands (q, package, sort, offset, limit → items/total/counts), GET /hub/commands/:id, GET /hub/packages, POST /hub/commands/:id/add, GET/POST/DELETE /hub/commands/:id/install(s), GET /hub/recents — keyed on an anonymous client id.",api/worker/**,I2,List returns correct totals and per-package counts beyond one page; add and install are idempotent per client id; recents cap at 5.,client_id is an anonymous per-install UUID; there is no account concept in the design. Auth is a v2 item.
I4,Pending,High,API,Submissions + metadata validation,"Implement POST /hub/submissions, GET /hub/submissions/:id (drizzle lookups), and POST /hub/metadata/validate — the latter applying the same acceptance rule the app and publish.html use, plus checking that every {{…}} in the command parses against the 135-token registry and returning the exact failing token.",api/worker/**; api/src/validate.ts,I3,A valid submission stores as pending-review; an invalid metadata document is rejected naming the offending token; status is readable by id.,The registry check is authoritative — the client cannot be trusted to perform it.
I5,Pending,Medium,API,Wire the API end to end,"Point settings.hubApiBase at the deployed API, seed the corpus from the website's data file, and verify hub browse, add-to-mine, install and a full publish round trip against the live Worker.",desktop-app/settings.ts; api/**; website/public/data/commands.json,I4;F5;H7;H8,"The desktop app lists live hub commands, adds one to the library, installs a CLI, and publishes a submission that reaches pending-review on the server.",Closes the loop between the two deployables and the app.
EI1,Pending,High,Enhanced Inputs library,Fix theme + type loss on clean build,"Make the library's build reproducible: build.mjs currently emits JS only and never copies dist/themes/* or generates dist/index.d.ts, so deleting dist/ destroys six themes and the declared types entry. Add a theme copy step and either generate declarations or move the hand-written file to a tracked src/ location.",enhanced-inputs/build.mjs; enhanced-inputs/package.json; enhanced-inputs/src/themes/**,,"rm -rf dist && node build.mjs produces dist/index.js, dist/inputs/*, dist/themes/*.css AND the types entry; package.json types/files point at files that exist.",Currently dist/index.d.ts and all six themes are unbuildable artifacts referenced by package.json.
EI2,Pending,High,Enhanced Inputs library,Unify the event prefix,"Replace the legacy input:* events in the leaf bases (input:error, input:input, input:change, input:validate) with the canonical e:* vocabulary the base class and <e-input> already emit, so one listener hears every component.",enhanced-inputs/src/inputs/e-input-text-base.js; enhanced-inputs/src/inputs/e-input-number-base.js; enhanced-inputs/src/inputs/e-input-radio-base.js; enhanced-inputs/src/inputs/e-input-checkbox.js,,Every component emits e:error/e:input/e:change/e:validate; no input:* strings remain; a listener attached to any component hears the same event names.,The single highest-impact open defect in the library's own audit sheet; the app works around it by using only <e-input>.
EI3,Pending,High,Enhanced Inputs library,Provide an ESM entry,"Resolve the packaging contradiction: package.json declares main/module/exports pointing at dist/index.js but build.mjs emits an IIFE with zero export statements and no ""type"": ""module"". Either emit a real ESM build alongside the IIFE, or drop the module/exports claims and document side-effect-only registration.",enhanced-inputs/build.mjs; enhanced-inputs/package.json,EI1,"Importing the package by name has a defined, working behaviour; the declared entry files exist and match the declared format; the .d.ts no longer documents a default export that does not exist.","src/index.js uses export *, which cannot forward export default — so EInput is not importable at all today."
EI4,Pending,Medium,Enhanced Inputs library,Dropdown and combobox accessibility,"Add the missing ARIA relationships to the select/combobox/radio/checkbox-group renderers: aria-activedescendant and aria-controls for the listbox, aria-multiselectable where multiple is set, and role=alert on error text where missing.",enhanced-inputs/src/inputs/e-input.js,,Keyboard-only navigation announces the active option; the input is associated with its listbox; a screen reader announces validation errors.,report.csv rows L44/L45/L46 remain open; the app accepts the gap for v1 but the library should fix it.
EI5,Pending,Medium,Enhanced Inputs library,Reconcile readme with the code,"Rewrite the readme's incorrect sections: the documented .e-* class contract (real names are .i-*), the 'zero dependencies' claim (six runtime deps), the zod-mini claim (full zod v4), the nonexistent components/e-input.js subpath, the per-type tags presented as components, and the aspirational WCAG claim.",enhanced-inputs/readme.md,,"No documented class name, import path, dependency count or API is contradicted by src/; the two stapled-together halves of the document are merged or the orphaned spec section is removed.","The e-* names come from generated element IDs, not CSS classes — that is the root of the confusion."
EI6,Pending,Medium,Enhanced Inputs library,Decide the per-type tag surface,"Resolve the two-component-surfaces problem: the 16 standalone input-* tags are registered and exported but undocumented, undemoed and unstyled by all six themes. Either document and style them as a supported API or mark them deprecated and remove them from the entry point.",enhanced-inputs/src/index.js; enhanced-inputs/src/inputs/*.js; enhanced-inputs/readme.md,EI2,One documented surface exists; the entry point exports only what is supported; no registered tag renders unstyled.,Also unify the divergent option vocabularies (input-radio-option vs e-radio-option) if the standalone tags are kept.
EI7,Pending,Low,Enhanced Inputs library,Fix the zod packaging claim,"zod is declared a peerDependency but is statically imported and inlined into dist/ with no esbuild external config, so consumers are asked to install something already bundled. Either mark it external and honour the peer, or drop the peer declaration and document zod as bundled.",enhanced-inputs/build.mjs; enhanced-inputs/package.json,EI1,The declared dependency relationship matches the built artifact; installing the package requires exactly the deps it needs and no others.,
EI8,Pending,Medium,Enhanced Inputs library,Add a test suite,"npm test runs jest against zero test files. Add real tests over the parser, validation schemas, event emission and option collection, at minimum covering the regressions logged in sheets/report.csv that are still live.",enhanced-inputs/test/**; enhanced-inputs/package.json,EI2;EI3,npm test runs a non-empty suite; the event-prefix and option-collection behaviours are asserted; the suite fails if those regress.,The app covers its own integration separately; this is the library's own safety net.
